Model,Quote
ChatGPT 4.5,"Clear your mind, write and unwind!"
ChatGPT 4.5,"Daily pages, inner sages!"
ChatGPT 4.5,"Emotions flow, journals grow!"
ChatGPT 4.5,"Express to impress, journaling’s best!"
ChatGPT 4.5,From confusion to conclusion—journal your solution!
ChatGPT 4.5,"Ink it, think it, don’t just blink it!"
ChatGPT 4.5,"Keep a book, take a look, watch your growth hook!"
ChatGPT 4.5,"Pen your quest, ease your stress!"
ChatGPT 4.5,"Pen your zen, again and again!"
ChatGPT 4.5,"Reflect, inspect, journaling perfect!"
ChatGPT 4.5,"Take a pause, write your cause!"
ChatGPT 4.5,"Thoughts on paper, worries taper!"
ChatGPT 4.5,"Write it right, day or night!"
ChatGPT 4.5,"Write to heal, make it real!"
ChatGPT 4.5,"Write, ignite, your inner light!"
Gemini 2.5 Pro,Capture the day in your own way.
Gemini 2.5 Pro,"Daily lines, clear designs."
Gemini 2.5 Pro,"Discover your way, write every day."
Gemini 2.5 Pro,"Don't let memories stray, write them today."
Gemini 2.5 Pro,"Ease your mind, leave troubles behind."
Gemini 2.5 Pro,"Explore your soul, take control."
Gemini 2.5 Pro,Feeling stressed? Put your pen to the test.
Gemini 2.5 Pro,"Get in the flow, write and grow."
Gemini 2.5 Pro,"Just take note, stay afloat."
Gemini 2.5 Pro,Know your heart? Make journaling your art.
Gemini 2.5 Pro,Let the ink help you think.
Gemini 2.5 Pro,"Let your feelings take flight, just sit down and write."
Gemini 2.5 Pro,Life moves fast? Make memories last.
Gemini 2.5 Pro,"Make moments last, write down the past."
Gemini 2.5 Pro,"Pen and page, turn a new age."
Gemini 2.5 Pro,"Pen in hand, understand."
Gemini 2.5 Pro,"Reflect and connect, gain self-respect."
Gemini 2.5 Pro,Thoughts unclear? Write them down here.
Gemini 2.5 Pro,"To make things clear, keep your journal near."
Gemini 2.5 Pro,Turn the page on inner rage.
Gemini 2.5 Pro,"Untangle your mind, one line at a time."
Gemini 2.5 Pro,"When your head's in a knot, give journaling a shot."
Gemini 2.5 Pro,"Write it down, let worries drown."
Gemini 2.5 Pro,"Write to know, watch yourself grow."
Gemini 2.5 Pro,"Write your heart, make a fresh start."
Claude.ai,"Write it down, turn that frown upside down!"
Claude.ai,"Pen your thoughts, connect the dots."
Claude.ai,"Journal every day, keep the stress away."
Claude.ai,"Ink your mind, treasures you'll find."
Claude.ai,"Write and reflect, your future self will thank you direct."
Claude.ai,"Scribble and doodle, your mind will stay in the noodle."
Claude.ai,"Journal with flair, show yourself you care."
Claude.ai,"Jot it in ink, give yourself time to think."
Claude.ai,"Fill the page, release the rage."
Claude.ai,"Write your story, capture the glory."
Claude.ai,"Daily writing, life enlightening."
Claude.ai,"Express in a line, your day will shine."
Claude.ai,"Thoughts on paper, life feels safer."
Claude.ai,"Write with heart, that's the smart start."
Claude.ai,"Journaling's neat, makes life complete."
Grok,"Feel the groove, let words move!  "
Grok,"Ink flows free, just be me!  "
Grok,"Journal your way, seize the day!  "
Grok,"Page by page, unlock your sage!  "
Grok,"Pen in hand, your mind expands!  "
Grok,"Scribe your soul, make it whole!  "
Grok,"Write it down, wear the crown!"
Grok,"Write your day, let thoughts play!  "
